userId,name,age,gender,email
1,John Martinez,57,Laki-laki,john.martinez@example.com
2,Jane Smith,33,Laki-laki,jane.smith@test.com
3,John Williams,55,Laki-laki,john.williams@example.com
4,Alex Williams,49,Laki-laki,alex.williams@test.com
5,Laura Martinez,57,Laki-laki,laura.martinez@example.com
6,John Brown,25,Laki-laki,john.brown@mail.com
7,Sarah Rodriguez,40,Laki-laki,sarah.rodriguez@demo.com
8,Sarah Williams,43,Laki-laki,sarah.williams@example.com
9,Robert Smith,62,Laki-laki,robert.smith@mail.com
10,Jane Garcia,18,Laki-laki,jane.garcia@example.com
11,Chris Johnson,20,Laki-laki,chris.johnson@demo.com
12,David Garcia,59,Laki-laki,david.garcia@demo.com
13,Jane Johnson,26,Laki-laki,jane.johnson@test.com
14,Sarah Jones,30,Laki-laki,sarah.jones@mail.com
15,Sarah Miller,30,Laki-laki,sarah.miller@test.com
16,Laura Davis,52,Laki-laki,laura.davis@example.com
17,Michael Brown,40,Laki-laki,michael.brown@test.com
18,Chris Miller,32,Laki-laki,chris.miller@example.com
19,Robert Miller,44,Laki-laki,robert.miller@test.com
20,David Rodriguez,37,Laki-laki,david.rodriguez@example.com
21,Robert Garcia,51,Laki-laki,robert.garcia@demo.com
22,John Johnson,65,Laki-laki,john.johnson@test.com
23,Michael Miller,39,Laki-laki,michael.miller@mail.com
24,Laura Davis,25,Laki-laki,laura.davis@test.com
25,David Rodriguez,63,Laki-laki,david.rodriguez@demo.com
26,Robert Smith,32,Laki-laki,robert.smith@example.com
27,Sarah Miller,37,Laki-laki,sarah.miller@mail.com
28,John Martinez,57,Laki-laki,john.martinez@mail.com
29,John Miller,57,Laki-laki,john.miller@mail.com
30,Jane Brown,42,Laki-laki,jane.brown@example.com
31,Alex Davis,47,Laki-laki,alex.davis@test.com
32,David Jones,27,Laki-laki,david.jones@test.com
33,Jane Brown,27,Laki-laki,jane.brown@mail.com
34,Laura Brown,22,Laki-laki,laura.brown@test.com
35,Michael Rodriguez,47,Laki-laki,michael.rodriguez@demo.com
36,David Johnson,50,Laki-laki,david.johnson@mail.com
37,Chris Williams,60,Laki-laki,chris.williams@test.com
38,Katie Smith,32,Laki-laki,katie.smith@test.com
39,Jane Jones,25,Laki-laki,jane.jones@test.com
40,David Brown,48,Laki-laki,david.brown@demo.com
41,Alex Miller,53,Laki-laki,alex.miller@example.com
42,Katie Williams,42,Laki-laki,katie.williams@mail.com
43,David Martinez,38,Laki-laki,david.martinez@example.com
44,David Brown,25,Laki-laki,david.brown@example.com
45,Laura Davis,40,Laki-laki,laura.davis@test.com
46,Jane Jones,58,Laki-laki,jane.jones@example.com
47,Katie Brown,31,Laki-laki,katie.brown@demo.com
48,David Martinez,44,Laki-laki,david.martinez@test.com
49,David Martinez,46,Laki-laki,david.martinez@demo.com
50,Jane Williams,35,Laki-laki,jane.williams@demo.com
51,Katie Rodriguez,18,Laki-laki,katie.rodriguez@demo.com
52,Jane Miller,35,Laki-laki,jane.miller@test.com
53,Laura Jones,30,Laki-laki,laura.jones@mail.com
54,Chris Davis,58,Laki-laki,chris.davis@test.com
55,Jane Miller,23,Laki-laki,jane.miller@mail.com
56,Sarah Smith,41,Laki-laki,sarah.smith@mail.com
57,David Johnson,30,Laki-laki,david.johnson@example.com
58,Michael Miller,54,Laki-laki,michael.miller@test.com
59,Sarah Garcia,41,Laki-laki,sarah.garcia@test.com
60,John Jones,45,Laki-laki,john.jones@mail.com
61,Chris Jones,33,Laki-laki,chris.jones@demo.com
62,Michael Martinez,18,Laki-laki,michael.martinez@demo.com
63,Laura Garcia,40,Laki-laki,laura.garcia@demo.com
64,John Johnson,30,Laki-laki,john.johnson@test.com
65,David Martinez,47,Laki-laki,david.martinez@demo.com
66,Michael Miller,18,Laki-laki,michael.miller@demo.com
67,Katie Jones,54,Laki-laki,katie.jones@mail.com
68,John Davis,22,Laki-laki,john.davis@mail.com
69,Michael Martinez,20,Laki-laki,michael.martinez@test.com
70,Sarah Rodriguez,69,Laki-laki,sarah.rodriguez@demo.com
71,Chris Martinez,39,Laki-laki,chris.martinez@test.com
72,Alex Jones,28,Laki-laki,alex.jones@test.com
73,Jane Johnson,50,Laki-laki,jane.johnson@mail.com
74,Chris Jones,36,Laki-laki,chris.jones@example.com
75,Katie Smith,40,Laki-laki,katie.smith@demo.com
76,Laura Davis,45,Laki-laki,laura.davis@mail.com
77,Michael Garcia,51,Laki-laki,michael.garcia@test.com
78,Alex Jones,68,Laki-laki,alex.jones@example.com
79,Sarah Davis,57,Laki-laki,sarah.davis@test.com
80,Alex Brown,49,Laki-laki,alex.brown@mail.com
81,John Rodriguez,58,Laki-laki,john.rodriguez@example.com
82,Chris Rodriguez,48,Laki-laki,chris.rodriguez@test.com
83,Alex Johnson,51,Laki-laki,alex.johnson@test.com
84,Sarah Brown,37,Laki-laki,sarah.brown@example.com
85,David Johnson,42,Laki-laki,david.johnson@test.com
86,Michael Smith,22,Laki-laki,michael.smith@test.com
87,Alex Jones,64,Laki-laki,alex.jones@mail.com
88,Sarah Garcia,19,Laki-laki,sarah.garcia@mail.com
89,John Rodriguez,24,Laki-laki,john.rodriguez@mail.com
90,Jane Brown,62,Laki-laki,jane.brown@demo.com
91,David Williams,47,Laki-laki,david.williams@demo.com
92,Sarah Johnson,69,Laki-laki,sarah.johnson@demo.com
93,Laura Johnson,47,Laki-laki,laura.johnson@test.com
94,Chris Miller,22,Laki-laki,chris.miller@example.com
95,Alex Garcia,54,Laki-laki,alex.garcia@mail.com
96,David Brown,20,Laki-laki,david.brown@demo.com
97,David Johnson,21,Laki-laki,david.johnson@mail.com
98,Laura Smith,34,Laki-laki,laura.smith@demo.com
99,David Garcia,31,Laki-laki,david.garcia@example.com
100,John Jones,70,Laki-laki,john.jones@demo.com
